iteration,wallclock_s,games,avg_moves,buffer_size,loss_policy,loss_value,entropy_policy,wr_random,wr_policy_random,wr_mcts200,wr_best,elo,gated
0,138.6,128,23.98,3069,1.8528,0.8098,1.8169,0.975,0.75,0.5,0.65,973.8,1
1,287.0,128,22.21,5912,1.7921,0.5295,1.7805,1.0,0.95,0.5,0.625,982.3,1
2,439.6,128,22.59,8804,1.7336,0.4095,1.731,0.975,0.9,0.375,0.4125,885.7,0
3,596.3,128,25.24,12035,1.6772,0.4412,1.6719,1.0,0.875,0.6125,0.7125,1060.6,1
4,753.8,128,22.88,14964,1.6346,0.3798,1.6316,1.0,0.9,0.45,0.6375,947.9,1
5,915.0,128,25.77,18263,1.5965,0.3903,1.587,0.95,0.925,0.5875,0.6,1016.7,1
6,1080.8,128,25.22,21491,1.5673,0.408,1.5624,0.975,0.925,0.5625,0.6125,1016.7,1
7,1246.2,128,25.95,24813,1.5471,0.4201,1.542,1.0,0.925,0.675,0.5125,1107.1,0
8,1404.8,128,22.44,27685,1.5243,0.4098,1.5187,1.0,0.925,0.575,0.75,1034.1,1
9,1571.7,128,26.97,31137,1.5155,0.4342,1.5093,1.0,0.975,0.6375,0.675,1078.8,1
10,1737.2,128,25.83,34443,1.4987,0.4251,1.4929,1.0,0.975,0.6,0.55,1051.7,0
11,1907.3,128,25.61,37721,1.483,0.4331,1.4762,1.0,0.95,0.5625,0.675,1025.4,1
12,2081.0,128,26.23,41079,1.4649,0.422,1.4617,1.0,0.925,0.5125,0.5375,990.9,0
13,2255.5,128,27.91,44651,1.4561,0.4175,1.4458,1.0,0.975,0.725,0.6125,1147.4,1
14,2434.3,128,28.41,48287,1.4426,0.428,1.4421,1.0,0.975,0.675,0.45,1107.1,0
15,2614.9,128,28.59,51947,1.4348,0.4181,1.4268,1.0,0.925,0.775,0.4125,1192.2,0
16,2796.4,128,27.33,55445,1.4129,0.4302,1.408,1.0,0.975,0.8875,0.675,1327.4,1
17,2974.8,128,28.41,59081,1.3995,0.4145,1.3936,1.0,0.975,0.9,0.45,1348.1,0
18,3158.7,128,28.48,62727,1.3754,0.4221,1.3707,1.0,1.0,0.7875,0.5875,1204.4,1
19,3344.1,128,28.11,66325,1.3794,0.4242,1.3796,1.0,0.95,0.775,0.6125,1192.2,1
20,3539.9,128,31.32,70334,1.3545,0.4192,1.3486,1.0,0.975,0.8625,0.4625,1290.7,0
21,3726.1,128,27.02,73792,1.3512,0.4277,1.3463,1.0,0.9875,0.75,0.6625,1169.1,1
22,3918.4,128,29.34,77547,1.3341,0.4316,1.33,1.0,1.0,0.85,0.575,1274.3,1
23,4103.3,128,28.2,81157,1.3223,0.4232,1.321,1.0,1.0,0.9,0.55,1348.1,0
24,4296.3,128,29.27,84903,1.3146,0.4428,1.3123,1.0,1.0,0.7125,0.5375,1137.0,0
25,4492.9,128,31.77,88969,1.308,0.4439,1.3028,1.0,1.0,0.9125,0.525,1371.0,0
26,4691.3,128,31.34,92980,1.3009,0.4425,1.2968,1.0,0.975,0.7875,0.7,1204.4,1
27,4891.3,128,30.7,96910,1.2885,0.4444,1.284,1.0,1.0,0.8375,0.45,1258.8,0
28,5083.4,128,29.38,100671,1.2797,0.431,1.2762,1.0,0.975,0.8625,0.6875,1290.7,1
29,5274.3,128,31.1,104652,1.2805,0.4399,1.2776,1.0,1.0,0.8375,0.65,1258.8,1
30,5466.9,128,32.3,108786,1.2623,0.4299,1.262,1.0,0.95,0.825,0.375,1244.2,0
31,5657.0,128,30.51,112691,1.2661,0.4408,1.2591,1.0,0.975,0.775,0.6,1192.2,1
32,5858.5,128,32.23,116817,1.2611,0.4445,1.259,1.0,1.0,0.9,0.5,1348.1,0
33,6064.2,128,34.09,121180,1.2489,0.4281,1.2465,1.0,1.0,0.9125,0.675,1371.0,1
34,6261.5,128,31.66,125232,1.2426,0.4401,1.2381,1.0,1.0,0.825,0.45,1244.2,0
35,6462.1,128,32.59,129403,1.239,0.4326,1.2371,1.0,0.975,0.8625,0.5125,1290.7,0
36,6655.3,128,30.48,133304,1.2456,0.4384,1.2424,1.0,1.0,0.925,0.6125,1396.6,1
37,6858.9,128,32.77,137498,1.2328,0.4325,1.2348,1.0,1.0,0.9,0.3875,1348.1,0
38,7053.7,128,31.16,141486,1.2279,0.4259,1.222,1.0,1.0,0.95,0.6625,1459.7,1
39,7254.4,128,30.38,145375,1.2322,0.4421,1.2314,1.0,1.0,0.875,0.3,1308.4,0
40,7447.9,128,30.67,149301,1.2143,0.4354,1.2115,1.0,1.0,0.9,0.6625,1348.1,1
41,7639.8,128,30.68,150000,1.2126,0.4415,1.2125,1.0,1.0,0.8875,0.4625,1327.4,0
42,7836.3,128,31.91,150000,1.1783,0.4161,1.1768,1.0,1.0,0.9,0.6875,1348.1,1
43,8038.2,128,31.24,150000,1.1698,0.4227,1.1678,1.0,0.975,0.9375,0.4625,1425.7,0
44,8244.3,128,31.56,150000,1.1601,0.4288,1.1606,1.0,1.0,0.9625,0.15,1500.7,0
45,8455.6,128,33.29,150000,1.1358,0.411,1.1322,1.0,0.975,0.925,0.75,1396.6,1
46,8661.8,128,30.91,150000,1.1349,0.4238,1.1355,1.0,1.0,0.975,0.4,1553.0,0
47,8871.7,128,32.07,150000,1.1222,0.4159,1.1193,1.0,1.0,0.85,0.4,1274.3,0
48,9074.3,128,30.09,150000,1.1123,0.4285,1.1112,1.0,1.0,0.9,0.6875,1348.1,1
49,9279.5,128,33.02,150000,1.093,0.4131,1.0931,1.0,1.0,0.975,0.4875,1553.0,0
50,9483.0,128,31.38,150000,1.0893,0.4072,1.0907,1.0,1.0,0.95,0.875,1459.7,1
51,9678.4,128,29.76,150000,1.0882,0.4013,1.0844,1.0,0.9875,0.9625,0.5375,1500.7,0
52,9875.6,128,30.04,150000,1.0844,0.4085,1.0834,1.0,0.975,0.9125,0.5,1371.0,0
53,10074.2,128,31.07,150000,1.0753,0.3978,1.0726,1.0,1.0,0.8875,0.5375,1327.4,0
54,10277.4,128,31.72,150000,1.0756,0.4077,1.0755,1.0,1.0,0.9,0.325,1348.1,0
55,10467.2,128,29.6,150000,1.0636,0.3985,1.0625,1.0,1.0,0.975,0.5,1553.0,0
56,10666.3,128,31.32,150000,1.0618,0.3912,1.0602,1.0,1.0,0.95,0.575,1459.7,1
57,10866.5,128,30.71,150000,1.0626,0.3942,1.0623,1.0,1.0,0.925,0.5375,1396.6,0
58,11068.7,128,30.93,150000,1.0536,0.3835,1.0509,1.0,1.0,0.9375,0.575,1425.7,1
59,11262.5,128,29.4,150000,1.0527,0.3881,1.0543,1.0,1.0,0.9625,0.55,1500.7,0
60,11460.7,128,30.7,150000,1.0478,0.3825,1.0459,1.0,1.0,0.9375,0.425,1425.7,0
61,11662.6,128,31.12,150000,1.0534,0.3839,1.0531,1.0,1.0,0.9,0.6125,1348.1,1
62,11854.6,128,28.71,150000,1.0425,0.376,1.0439,1.0,1.0,0.9875,0.475,1625.6,0
63,12047.8,128,29.38,150000,1.0472,0.3773,1.046,1.0,0.95,0.925,0.6625,1396.6,1
64,12249.4,128,30.72,150000,1.0502,0.3822,1.047,1.0,1.0,0.95,0.3875,1459.7,0
65,12453.7,128,31.23,150000,1.0374,0.3738,1.036,1.0,1.0,0.8875,0.5375,1327.4,0
66,12648.0,128,29.16,150000,1.037,0.3632,1.0383,1.0,1.0,1.0,0.7,1625.6,1
67,12852.2,128,32.69,150000,1.036,0.3685,1.0352,1.0,1.0,0.95,0.675,1459.7,1
68,13061.0,128,32.29,150000,1.0216,0.3707,1.0218,1.0,1.0,0.875,0.6,1308.4,1
69,13276.9,128,33.59,150000,1.0251,0.3664,1.0258,1.0,1.0,1.0,0.65,1625.6,1
70,13484.0,128,31.91,150000,1.0178,0.3624,1.0154,1.0,1.0,0.975,0.4875,1553.0,0
71,13688.5,128,30.27,150000,1.0187,0.3561,1.0169,1.0,1.0,0.975,0.5375,1553.0,0
72,13891.6,128,32.87,150000,1.01,0.3665,1.0103,1.0,1.0,0.9375,0.65,1425.7,1
73,14098.5,128,32.16,150000,1.0103,0.3495,1.0098,1.0,1.0,0.975,0.575,1553.0,1
74,14300.3,128,31.2,150000,1.0156,0.3553,1.0146,1.0,1.0,1.0,0.45,1625.6,0
75,14502.3,128,32.24,150000,1.0112,0.3536,1.0089,1.0,1.0,0.9875,0.6625,1625.6,1
76,14700.7,128,29.76,150000,1.0047,0.3536,1.0047,1.0,1.0,0.95,0.525,1459.7,0
77,14902.5,128,32.16,150000,1.0023,0.3665,1.0029,1.0,1.0,0.925,0.4125,1396.6,0
78,15105.8,128,30.67,150000,1.003,0.3501,1.0005,1.0,1.0,0.9375,0.6375,1425.7,1
79,15305.5,128,31.04,150000,0.9955,0.3447,0.9964,1.0,1.0,1.0,0.45,1625.6,0
80,15494.7,128,27.7,150000,0.9904,0.3501,0.9893,1.0,1.0,0.975,0.6375,1553.0,1
81,15698.4,128,29.57,150000,0.9913,0.3386,0.9886,1.0,1.0,1.0,0.5375,1625.6,0
82,15903.6,128,31.56,150000,0.9955,0.3395,0.9964,1.0,1.0,0.975,0.5375,1553.0,0
83,16099.7,128,28.51,150000,0.9996,0.3293,0.9992,1.0,1.0,1.0,0.6375,1625.6,1
84,16292.2,128,28.14,150000,0.993,0.3322,0.9911,1.0,1.0,0.975,0.5875,1553.0,1
85,16485.2,128,29.64,150000,0.9906,0.33,0.99,1.0,1.0,0.95,0.5375,1459.7,0
86,16680.3,128,29.89,150000,0.9889,0.3129,0.9868,1.0,1.0,1.0,0.4875,1625.6,0
87,16881.9,128,30.77,150000,1.0005,0.3159,0.9991,1.0,1.0,0.9375,0.475,1425.7,0
88,17069.2,128,28.14,150000,0.9959,0.3199,0.9981,1.0,1.0,0.9875,0.4125,1625.6,0
89,17265.5,128,28.62,150000,0.9917,0.3165,0.989,1.0,0.9875,1.0,0.5125,1625.6,0
90,17455.4,128,26.78,150000,0.9939,0.3138,0.9956,1.0,1.0,0.975,0.5625,1553.0,1
91,17647.3,128,29.37,150000,0.9856,0.3219,0.9823,1.0,1.0,1.0,0.55,1625.6,0
92,17830.5,128,27.83,150000,0.9872,0.3083,0.9841,1.0,1.0,1.0,0.55,1625.6,0
93,18021.2,128,28.95,150000,0.9829,0.3032,0.9847,1.0,1.0,0.975,0.4875,1553.0,0
94,18213.6,128,30.33,150000,0.9924,0.3104,0.9919,1.0,1.0,0.925,0.5125,1396.6,0
95,18406.8,128,28.82,150000,0.9842,0.3032,0.9826,1.0,1.0,1.0,0.6,1625.6,1
96,18604.7,128,29.02,150000,0.9825,0.2977,0.9823,1.0,1.0,0.9875,0.4625,1625.6,0
97,18799.1,128,28.45,150000,0.9912,0.2979,0.9915,1.0,1.0,0.975,0.5375,1553.0,0
98,18986.9,128,29.79,150000,0.9837,0.2915,0.9795,1.0,1.0,0.975,0.5625,1553.0,1
99,19171.8,128,28.08,150000,0.9858,0.2979,0.9856,1.0,0.975,0.9625,0.575,1500.7,1
100,19360.4,128,28.38,150000,0.9791,0.294,0.9802,1.0,0.975,0.975,0.575,1553.0,1
101,19560.3,128,29.4,150000,0.9801,0.2916,0.9774,1.0,1.0,0.975,0.5625,1553.0,1
102,19742.1,128,27.23,150000,0.9791,0.2781,0.9781,1.0,1.0,1.0,0.575,1625.6,1
103,19930.0,128,29.34,150000,0.9845,0.288,0.9825,1.0,1.0,1.0,0.4625,1625.6,0
104,20118.9,128,27.5,150000,0.9874,0.2723,0.9861,1.0,1.0,1.0,0.525,1625.6,0
105,20306.2,128,27.66,150000,0.9913,0.2732,0.9905,1.0,1.0,1.0,0.575,1625.6,1
106,20493.1,128,28.31,150000,0.9777,0.2673,0.9766,1.0,1.0,0.9875,0.425,1625.6,0
107,20686.2,128,29.59,150000,0.9866,0.2588,0.9867,1.0,1.0,1.0,0.525,1625.6,0
108,20874.9,128,27.49,150000,0.9906,0.2707,0.9894,1.0,1.0,0.975,0.5375,1553.0,0
109,21061.2,128,28.1,150000,0.9905,0.2654,0.9895,1.0,1.0,0.975,0.575,1553.0,1
110,21248.7,128,27.36,150000,0.9827,0.2637,0.9793,1.0,1.0,0.975,0.5375,1553.0,0
111,21438.1,128,28.45,150000,0.9919,0.2679,0.9916,1.0,1.0,0.9875,0.6375,1625.6,1
112,21622.4,128,27.15,150000,0.9908,0.2446,0.9888,1.0,0.9875,0.975,0.5125,1553.0,0
113,21814.0,128,29.65,150000,0.9933,0.2415,0.9931,1.0,1.0,1.0,0.4875,1625.6,0
114,22007.9,128,28.71,150000,0.9937,0.2378,0.9912,1.0,1.0,0.975,0.5375,1553.0,0
115,22201.1,128,29.52,150000,0.9935,0.2362,0.9936,1.0,1.0,0.95,0.525,1459.7,0
116,22391.4,128,28.57,150000,0.9972,0.2245,0.9953,1.0,1.0,1.0,0.5625,1625.6,1
117,22583.8,128,28.67,150000,0.989,0.2169,0.9882,1.0,1.0,0.9875,0.4375,1625.6,0
118,22771.6,128,27.55,150000,0.9941,0.2249,0.9927,1.0,1.0,1.0,0.5,1625.6,0
119,22964.4,128,29.68,150000,1.004,0.2183,1.0025,1.0,1.0,1.0,0.525,1625.6,0
120,23156.9,128,29.08,150000,0.9993,0.211,1.0002,1.0,1.0,1.0,0.5,1625.6,0
121,23348.8,128,29.46,150000,1.0029,0.2037,1.0005,1.0,1.0,1.0,0.5875,1625.6,1
122,23535.1,128,28.63,150000,0.9977,0.2173,0.9969,1.0,1.0,0.975,0.5375,1553.0,0
123,23720.9,128,28.2,150000,1.0026,0.1979,1.0032,1.0,1.0,0.9875,0.5,1625.6,0
124,23909.0,128,27.99,150000,1.0076,0.2,1.0067,1.0,1.0,0.975,0.45,1553.0,0
125,24090.7,128,26.42,150000,0.9913,0.205,0.9903,1.0,1.0,0.975,0.5375,1553.0,0
126,24270.2,128,27.67,150000,1.0121,0.1961,1.0086,1.0,1.0,0.9625,0.5125,1500.7,0
127,24456.0,128,27.47,150000,1.0174,0.1953,1.0183,1.0,1.0,1.0,0.45,1625.6,0
128,24633.0,128,26.35,150000,1.0098,0.1935,1.0082,1.0,1.0,0.975,0.475,1553.0,0
129,24812.3,128,25.95,150000,1.0117,0.1927,1.01,1.0,1.0,1.0,0.525,1625.6,0
130,24999.2,128,28.57,150000,1.0095,0.1782,1.0095,1.0,1.0,1.0,0.5125,1625.6,0
131,25185.6,128,27.53,150000,1.0178,0.1835,1.0161,1.0,1.0,0.975,0.55,1553.0,0
132,25372.0,128,28.95,150000,1.012,0.1836,1.0119,1.0,1.0,0.975,0.475,1553.0,0
133,25554.8,128,26.81,150000,1.0087,0.1727,1.0084,1.0,1.0,0.975,0.5,1553.0,0
134,25736.2,128,26.51,150000,1.0142,0.1689,1.0123,1.0,1.0,1.0,0.5,1625.6,0
135,25918.1,128,28.2,150000,1.0244,0.1618,1.0214,1.0,1.0,1.0,0.5625,1625.6,1
136,26096.3,128,26.3,150000,1.0218,0.1663,1.0228,1.0,1.0,1.0,0.5125,1625.6,0
137,26275.9,128,27.16,150000,1.0242,0.1545,1.0221,1.0,1.0,1.0,0.6375,1625.6,1
138,26463.1,128,28.23,150000,1.0247,0.1623,1.0266,1.0,1.0,1.0,0.4625,1625.6,0
139,26645.4,128,26.53,150000,1.0272,0.1624,1.0258,1.0,1.0,0.975,0.475,1553.0,0
140,26828.4,128,28.41,150000,1.0147,0.1636,1.0131,1.0,1.0,0.975,0.5,1553.0,0
141,27006.5,128,27.08,150000,1.038,0.1625,1.0371,1.0,1.0,1.0,0.5375,1625.6,0
142,27180.9,128,25.63,150000,1.0334,0.1561,1.0311,1.0,1.0,0.975,0.525,1553.0,0
143,27360.1,128,26.09,150000,1.038,0.1619,1.0359,1.0,1.0,1.0,0.5875,1625.6,1
144,27541.6,128,27.39,150000,1.0339,0.1552,1.0355,1.0,1.0,1.0,0.65,1625.6,1
145,27731.3,128,28.52,150000,1.0329,0.1594,1.0328,1.0,1.0,0.975,0.425,1553.0,0
146,27922.9,128,29.38,150000,1.0369,0.1696,1.0355,1.0,1.0,1.0,0.5,1625.6,0
147,28118.4,128,28.63,150000,1.0341,0.1642,1.0329,1.0,1.0,1.0,0.525,1625.6,0
148,28311.7,128,28.95,150000,1.0396,0.1556,1.037,1.0,1.0,1.0,0.5375,1625.6,0
149,28503.3,128,28.05,150000,1.0421,0.1565,1.0426,1.0,1.0,1.0,0.6625,1625.6,1
